rank,ndcg_10
20,0.20316997801172848
50,0.19695143931557743
100,0.18471089128644327
