{
  "auc_roc": 0.9807,
  "auc_pr": 0.8625,
  "f1_fraud": 0.8141,
  "precision_fraud": 0.802,
  "recall_fraud": 0.8265,
  "f1_legit": 0.9997,
  "threshold": 0.89,
  "confusion_matrix": [
    [
      56844,
      20
    ],
    [
      17,
      81
    ]
  ],
  "top_features": [
    [
      "V14",
      0.41799941658973694
    ],
    [
      "V10",
      0.17706862092018127
    ],
    [
      "V4",
      0.06209811940789223
    ],
    [
      "V12",
      0.03428080677986145
    ],
    [
      "V8",
      0.02608848735690117
    ],
    [
      "V18",
      0.01845548115670681
    ],
    [
      "V1",
      0.017052341252565384
    ],
    [
      "V17",
      0.016481803730130196
    ],
    [
      "V3",
      0.015543131157755852
    ],
    [
      "V13",
      0.014773349277675152
    ],
    [
      "Amount_log",
      0.013525509275496006
    ],
    [
      "V20",
      0.013319560326635838
    ],
    [
      "Hour",
      0.01293551828712225
    ],
    [
      "V15",
      0.01180593203753233
    ],
    [
      "V2",
      0.011630342341959476
    ]
  ],
  "train_samples": 454902,
  "test_samples": 56962,
  "fraud_rate_pct": 0.1727,
  "feature_cols": [
    "V1",
    "V2",
    "V3",
    "V4",
    "V5",
    "V6",
    "V7",
    "V8",
    "V9",
    "V10",
    "V11",
    "V12",
    "V13",
    "V14",
    "V15",
    "V16",
    "V17",
    "V18",
    "V19",
    "V20",
    "V21",
    "V22",
    "V23",
    "V24",
    "V25",
    "V26",
    "V27",
    "V28",
    "Hour",
    "Amount_log"
  ],
  "dataset": "Kaggle Credit Card Fraud Detection (mlg-ulb)"
}